{
  "start": 1774082108.947082,
  "end": 1774082172.9779036,
  "total": 64.03,
  "rounds": {
    "phase1": 40.98,
    "round_1": 23.05
  }
}