{
  "start": 1774082172.9787247,
  "end": 1774082229.1752248,
  "total": 56.2,
  "rounds": {
    "phase1": 40.33,
    "round_1": 15.86
  }
}